INSERT INTO `user` (`usr_id`, `usr_username`, `usr_email`, `usr_password`, `usr_salt`, `usr_avatar`, `usr_balance`, `usr_rank`, `usr_xp`, `usr_wins`, `usr_losses`) VALUES
    (1, 'hadyer', 'hadyer@ncsu.edu', 'c51173a0c020d110223a0a184d6fc4905e6050dce46713ab16376ce8935eaed67ef7655f13928165819c21f0d0fddb5123e0d82e98b4977a82818b7667c5373e', '43ec7279ac55deaabc8439df10dad2f2ab279f1a23ab7f9a977c300ebc3947b5', NULL, 10000, 500, 1000, 10, 5),
    (2, 'gpdean', 'gpdean@ncsu.edu', '1f4b87f0c2e103bb02ef82c6aac62722e529bb3e3f08a1b92fa02c3d1c420808bd052113b7f774f6e38efd3e18628d1385b29ae895ab114c3c49668eda48b58b', '16d9195533ca1e72b07da070dc929e09d531795bb1846f15864c9f9edcfdc431', NULL, 10000, 500, 1000, 10, 5),
    (3, 'kjoshi3', 'kjoshi3@ncsu.edu', 'ec050b765c0fa84803f03515401964ad59784e976d90c2504a716d346ce4d06f1b6740adff4b8fd032fa86da6f9693025d43db8f984b3ef9649f82b4e2525c34', 'aa5e48ce0d40a3638f8603b9dad08c921e8e465b7b0ecfe96018ed9c3c2ec03e', NULL, 10000, 500, 1000, 10, 5);

INSERT INTO `card`  (`crd_id`, `crd_name`, `crd_description`, `crd_show`, `crd_level`, `crd_hp`, `crd_power`) VALUES
    (1, 'Ultra Instinct Goku', 'Goku, having mastered Ultra Instinct, fights with unparalleled speed and power. His movements are instinctual and lightning-fast, making him nearly invincible in battle.', 'Dragon Ball', 5, 200, 40),
    (2, 'Saitama', 'Saitama, also known as One Punch Man, can defeat any opponent with a single punch. His strength is unmatched, and he often struggles with the boredom of not finding a worthy opponent.', 'One Punch Man', 5, 200, 40),
    (3, 'Whis', 'Whis is the angel attendant to the God of Destruction, Beerus. With immense speed, agility, and mystical abilities, Whis is one of the most powerful beings in the universe.', 'Dragon Ball', 5, 200, 40),
    (4, 'Satoru Gojo', 'Satoru Gojo is a powerful sorcerer from Jujutsu Kaisen, known for his limitless cursed energy and unrivaled skills. His techniques make him nearly unbeatable.', 'Jujutsu Kaisen', 4, 160, 32),
    (5, 'Shigeo Kageyama', 'Shigeo Kageyama is an emotionally repressed middle school student with immense psychic power. As he matures, he learns to control his abilities and his emotions.', 'Mob Psycho 100', 4, 160, 32),
    (6, 'Ichigo Kurosaki', 'Ichigo Kurosaki, the Soul Reaper, has the ability to defend the living world from evil spirits. His unique powers include the use of a zanpakuto and a variety of spiritual techniques.', 'Bleach', 4, 160, 32),
    (7, 'Rinnegan Sasuke Uchiha', 'Sasuke Uchiha, with the power of the Rinnegan, is one of the most dangerous and skilled shinobi. His ocular abilities and mastery of various techniques make him a formidable opponent.', 'Naruto', 4, 160, 32),
    (8, 'Baryon Naruto Uzumaki', 'Naruto Uzumaki in his Baryon Mode taps into an immense level of power, able to rival even the most dangerous of foes. His chakra is fused with that of Kurama, making him an unstoppable force.', 'Naruto', 4, 160, 32),
    (9, 'Monkey D. Luffy', 'Luffy, the captain of the Straw Hat Pirates, has the power of the Gum-Gum Fruit, which gives him rubber-like abilities. His strength, speed, and fighting spirit make him a tough adversary.', 'One Piece', 4, 160, 32),
    (10, 'Minato Namikaze', 'Minato Namikaze, also known as the Fourth Hokage, is an incredibly skilled shinobi known for his teleportation jutsu and his immense speed and intellect.', 'Naruto', 3, 130, 26),
    (11, 'Madara Uchiha', 'Madara Uchiha is one of the most feared shinobi in history. With the power of the Rinnegan and the Sharingan, he is a ruthless and cunning warrior, capable of altering the fate of entire nations.', 'Naruto', 3, 130, 26),
    (12, 'Hashirama Senju', 'Hashirama Senju, the First Hokage, is known for his powerful Wood Style jutsu and unmatched leadership. His abilities and chakra control make him a legendary figure in the shinobi world.', 'Naruto', 3, 130, 26),
    (13, 'Itachi Uchiha', 'Itachi Uchiha is a member of the Uchiha clan, known for his Sharingan and his intelligence. Despite his tragic past, he is a highly skilled and powerful shinobi.', 'Naruto', 3, 130, 26),
    (14, 'Adult Gon', 'Adult Gon is the powerful, matured version of the young Hunter x Hunter protagonist. His Nen abilities allow him to take on powerful opponents with raw strength and determination.', 'Hunter x Hunter', 3, 130, 26),
    (15, 'Godspeed Killua', 'Killua Zoldyck, in his Godspeed form, is a lightning-fast assassin with exceptional agility and strength. His Nen abilities make him a lethal force in combat.', 'Hunter x Hunter', 3, 130, 26),
    (16, 'Kisuke Urahara', 'Kisuke Urahara is a former Soul Reaper and a skilled strategist. With his vast knowledge of spiritual energy and his creativity, he is a powerful ally and enemy.', 'Bleach', 3, 130, 26),
    (17, 'Yoruichi Shihoin', 'Yoruichi Shihoin is a former captain of the Gotei 13 and a master of both hand-to-hand combat and speed. Her agility and stealth make her one of the most dangerous combatants in battle.', 'Bleach', 3, 130, 26),
    (18, 'Killua Zoldyck', 'Killua Zoldyck is a highly skilled assassin from the Zoldyck family. His agility, speed, and incredible strength make him a deadly fighter. With his Godspeed, he can move faster than most opponents.', 'Hunter x Hunter', 2, 90, 18),
    (19, 'Sakura Haruno', 'Sakura Haruno is a medical ninja with extraordinary strength and intelligence. Trained by Tsunade, her powerful physical abilities and healing techniques make her a formidable ally.', 'Naruto', 2, 90, 18),
    (20, 'Gon Freecs', 'Gon Freecs is an adventurous and optimistic boy who aspires to be a Hunter like his father. Despite his young age, his raw strength and his nen abilities make him a fierce fighter.', 'Hunter x Hunter', 2, 90, 18),
    (21, 'Rock Lee', 'Rock Lee is a taijutsu specialist with unmatched physical strength and speed. Though he cannot use ninjutsu, his dedication and hard work make him a powerful shinobi.', 'Naruto', 2, 90, 18),
    (22, 'Hisoka Morow', 'Hisoka is a skilled and unpredictable fighter who enjoys battling those with great potential. His deadly techniques and ability to manipulate his aura make him a dangerous opponent.', 'Hunter x Hunter', 2, 90, 18),
    (23, 'Edward Elric', 'Edward Elric, the Fullmetal Alchemist, is a brilliant alchemist who uses his alchemical abilities in combat. His determination to bring back his brother\'s body and his advanced combat skills make him a formidable warrior.', 'Fullmetal Alchemist', 2, 90, 18),
    (24, 'Greed', 'Greed is one of the seven homunculi and possesses a powerful ability to turn anything he touches into solid gold. His insatiable desire for wealth and power make him a dangerous adversary.', 'Fullmetal Alchemist', 2, 90, 18),
    (25, 'Leorio Paradinight', 'Leorio Paradinight is an aspiring doctor and a member of the Hunter Exam. Despite lacking physical prowess, his intelligence and resourcefulness make him a valuable ally.', 'Hunter x Hunter', 2, 90, 18),
    (26, 'Baki Hanma', 'Baki Hanma is a martial artist with immense strength and agility. His brutal training and desire to surpass his father, the legendary Yujiro Hanma, make him an outstanding fighter.', 'Baki the Grappler', 2, 90, 18),
    (27, 'Roy Mustang', 'Roy Mustang, the Flame Alchemist, uses his alchemy to manipulate fire in battle. His military rank and leadership skills, combined with his combat prowess, make him a deadly force.', 'Fullmetal Alchemist', 1, 50, 10),
    (28, 'Mumen Rider', 'Mumen Rider is a hero who, despite lacking superhuman abilities, fights valiantly for justice. His unwavering determination and bravery make him a symbol of heroism.', 'One Punch Man', 1, 50, 10),
    (29, 'Spike Spiegel', 'Spike Spiegel is a laid-back yet highly skilled bounty hunter from Cowboy Bebop. His martial arts skills, gun expertise, and sharp mind make him a formidable opponent.', 'Cowboy Bebop', 1, 50, 10),
    (30, 'Levi Ackerman', 'Levi Ackerman is humanity\'s strongest soldier, known for his exceptional agility, strength, and skill with blades. His stoic demeanor and deadly precision make him a key figure in the fight against Titans.', 'Attack on Titan', 1, 50, 10),
    (31, 'Hinata Hyuga', 'Hinata Hyuga, a member of the prestigious Hyuga clan, is a skilled ninja who excels in Gentle Fist style combat. Her Byakugan ability allows her to see the chakra network of opponents, giving her a strategic advantage.', 'Naruto', 1, 50, 10),
    (32, 'Shikamaru Nara', 'Shikamaru Nara is a tactical genius known for his intellect and the use of Shadow Possession Jutsu. His calm demeanor and strategic thinking make him a valuable ally in battle.', 'Naruto', 1, 50, 10);
    
INSERT INTO `move` (`mov_id`, `mov_crd_id`, `mov_name`, `mov_description`, `mov_type`, `mov_class`) VALUES
    (1, 1, 'Supreme Kamehameha', '', 'ATK', 'Energy'),
    (2, 1, 'Godly Strike', '', 'ATK', 'Brawler'),
    (3, 1, 'Instinctive Guard', '', 'DEF', 'Brawler'),
    (4, 1, 'Godspeed Reflex', '', 'DEF', 'Mobility'),
    (5, 2, 'Serious Punch', '', 'ATK', 'Brawler'),
    (6, 2, 'Serious Side Hops', '', 'ATK', 'Mobility'),
    (7, 2, 'Serious Block', '', 'DEF', 'Brawler'),
    (8, 2, 'Casual Sidestep', '', 'DEF', 'Mobility'),
    (9, 3, 'Strike of Revelation', '', 'ATK', 'Mobility'),
    (10, 3, 'Kiai', '', 'ATK', 'Mystic'),
    (11, 3, 'Afterimage Technique', '', 'DEF', 'Mobility'),
    (12, 3, 'Temporal Warp', '', 'DEF', 'Mystic'),
    (13, 4, 'Hollow Purple', '', 'ATK', 'Energy'),
    (14, 4, 'Domain Expansion: Unlimited Void', '', 'ATK', 'Mystic'),
    (15, 4, 'Limitless Technique', '', 'DEF', 'Mystic'),
    (16, 4, 'Slipstream Evade', '', 'DEF', 'Mobility'),
    (17, 5, 'Gravity Press', '', 'ATK', 'Mystic'),
    (18, 5, '100% Explosion', '', 'ATK', 'Energy'),
    (19, 5, 'Psychic Energy Absorption', '', 'DEF', 'Mystic'),
    (20, 5, 'Psychic Barrier', '', 'DEF', 'Energy'),
    (21, 6, 'Hollowfied Zanpakuto Slash', '', 'ATK', 'Brawler'),
    (22, 6, 'Getsuga Juujishou', '', 'ATK', 'Energy'),
    (23, 6, 'Shunpo: Flash Step Technique', '', 'DEF', 'Mobility'),
    (24, 6, 'Blut Vene', '', 'DEF', 'Brawler'),
    (25, 7, 'Amaterasu', '', 'ATK', 'Mystic'),
    (26, 7, 'Indra\'s Arrow', '', 'ATK', 'Energy'),
    (27, 7, 'Amenotejikara Evasion', '', 'DEF', 'Mobility'),
    (28, 7, 'Rinnegan Space Fracture', '', 'DEF', 'Mystic'),
    (29, 8, 'Kurama\'s Crashing Claws', '', 'ATK', 'Brawler'),
    (30, 8, 'Baryon Rasengan: Heavenly Drill', '', 'ATK', 'Energy'),
    (31, 8, 'Baryon Enhanced Reflex', '', 'DEF', 'Mobility'),
    (32, 8, 'Chakra Absorption', '', 'DEF', 'Mystic'),
    (33, 9, 'Gum-Gum Barrage', '', 'ATK', 'Brawler'),
    (34, 9, 'Jet Rocket Dash', '', 'ATK', 'Mobility'),
    (35, 9, 'Rubber Guard', '', 'DEF', 'Brawler'),
    (36, 9, 'Gear Second Evasion', '', 'DEF', 'Mobility'),
    (37, 10, 'Rasengan Flash', '', 'ATK', 'Energy'),
    (38, 10, 'Flying Thunder Blitz', '', 'ATK', 'Mobility'),
    (39, 10, 'Yellow Flash Step', '', 'DEF', 'Mobility'),
    (40, 11, 'Limbo Clone Strike', '', 'ATK', 'Mystic'),
    (41, 11, 'Susanoo Barrier', '', 'DEF', 'Energy'),
    (42, 11, 'Rinnegan Reflection', '', 'DEF', 'Mystic'),
    (43, 12, 'Wood Dragon Assault', '', 'ATK', 'Mystic'),
    (44, 12, 'Sage Art Block', '', 'DEF', 'Brawler'),
    (45, 12, 'Healing Chakra Veil', '', 'DEF', 'Mystic'),
    (46, 13, 'Tsukuyomi Slash', '', 'ATK', 'Mystic'),
    (47, 13, 'Amaterasu Blaze', '', 'ATK', 'Energy'),
    (48, 13, 'Mirror Illusion', '', 'DEF', 'Mystic'),
    (49, 14, 'Jajanken: Brutal Rock', 'The strongest version of Jajanken: Rock, where Adult Gon focuses all his Nen-enhanced physical strength into one devastating punch. This punch is strong enough to send shockwaves through the ground and shatter reinforced defenses. If it lands cleanly, it can KO most opponents instantly.', 'ATK', 'Brawler'),
    (50, 14, 'Jajanken: Mass Eruption', 'A powered-up version of his standard Jajanken (Rock-Paper-Scissors). Gon charges Jajanken: Paper but, instead of a single blast, he unleashes a wide-range energy explosion, leveling everything in its vicinity. The attack causes shockwaves that ripple outward, making it devastating at both mid and long range.', 'ATK', 'Energy'),
    (51, 14, 'Beast\'s Evasion', 'Utilizing his enhanced instincts and raw speed, Adult Gon dodges attacks with explosive footwork, leaving cracks in the ground from sheer force. His reaction time is nearly instantaneous, allowing him to sidestep or leap away from even the fastest attacks.', 'DEF', 'Mobility'),
    (52, 15, 'Lightning Step', 'Killua uses his Godspeed to dash instantly in any direction, leaving an afterimage. This allows him to close gaps quickly or escape from danger before the opponent can react.', 'ATK', 'Mobility'),
    (53, 15, 'Volt Bind', 'Killua extends his aura-infused electricity toward the opponent, temporarily paralyzing them in place. This acts like a supernatural paralysis curse, restricting movement and making them vulnerable to follow-up attacks.', 'DEF', 'Mystic'),
    (54, 15, 'Thunder Veil', 'Killua channels electricity through his body to create a static charge barrier that disrupts incoming attacks. Melee attackers feel a shocking repulsion effect, forcing them back, while projectile attacks get slightly deflected due to the electrical interference.', 'DEF', 'Mobility'),
    (55, 16, 'Benihime Blast', '', 'ATK', 'Energy'),
    (56, 16, 'Benihime: Chikasumi no Tate', '', 'DEF', 'Energy'),
    (57, 16, 'Shunpo Retreat', '', 'DEF', 'Mobility'),
    (58, 17, 'Thunderclap Strike', '', 'ATK', 'Mobility'),
    (59, 17, 'Shunko Surge', '', 'ATK', 'Energy'),
    (60, 17, 'Catlike Dodge', '', 'DEF', 'Mobility'),
    (61, 18, 'Assassin\'s Feint', '', 'ATK', 'Mobility'),
    (62, 18, 'Lightning Evasion', '', 'DEF', 'Mobility'),
    (63, 18, 'Zoldyck Iron Defense', '', 'DEF', 'Brawler'),
    (64, 19, 'Cherry Blossom Impact', '', 'ATK', 'Brawler'),
    (65, 19, 'Iron Resolve Guard', '', 'DEF', 'Brawler'),
    (66, 19, 'Mitotic Regeneration (Byakugo)', '', 'DEF', 'Mystic'),
    (67, 20, 'Wild Rush', '', 'ATK', 'Brawler'),
    (68, 20, 'Hunter\'s Leap', '', 'DEF', 'Mobility'),
    (69, 20, 'Tenacious Guard', '', 'DEF', 'Brawler'),
    (70, 21, 'Leaf Hurricane', '', 'ATK', 'Brawler'),
    (71, 21, 'Hidden Lotus Dash', '', 'ATK', 'Mobility'),
    (72, 21, 'Drunken Dodge', '', 'DEF', 'Mobility'),
    (73, 22, 'Bungee Gum', '', 'ATK', 'Mystic'),
    (74, 22, 'Magician\'s Deceit', '', 'DEF', 'Mobility'),
    (75, 22, 'Zetsu', '', 'DEF', 'Mystic'),
    (76, 23, 'Alchemical Cannon', '', 'ATK', 'Energy'),
    (77, 23, 'Iron Spear', '', 'ATK', 'Brawler'),
    (78, 23, 'Philosopher\'s Shield', '', 'DEF', 'Mystic'),
    (79, 24, 'Ultimate Shield Smash', '', 'ATK', 'Brawler'),
    (80, 24, 'Carbon Armor Block', '', 'DEF', 'Brawler'),
    (81, 24, 'Greed\'s Regeneration', '', 'DEF', 'Mystic'),
    (82, 25, 'Nen Surge', '', 'ATK', 'Mystic'),
    (83, 25, 'Doctor\'s Punch', '', 'ATK', 'Brawler'),
    (84, 25, 'Healing Aura', '', 'DEF', 'Mystic'),
    (85, 26, 'Ogre Smash', '', 'ATK', 'Brawler'),
    (86, 26, 'Iron Body', '', 'DEF', 'Brawler'),
    (87, 27, 'Flame Burst', '', 'ATK', 'Energy'),
    (88, 27, 'Heatwave Guard', '', 'DEF', 'Energy'),
    (89, 28, 'Justice Crash', '', 'ATK', 'Brawler'),
    (90, 28, 'Heroic Guard', '', 'DEF', 'Brawler'),
    (91, 29, 'Jeet Kune-Do Rush', '', 'ATK', 'Mobility'),
    (92, 29, 'Serpentine Sidestep', '', 'DEF', 'Mobility'),
    (93, 30, 'Omni-Blade Assault', '', 'ATK', 'Mobility'),
    (94, 30, 'Vertical Maneuver Evasion', '', 'DEF', 'Mobility'),
    (95, 31, 'Gentle Fist Strike', '', 'ATK', 'Mobility'),
    (96, 31, 'Byakugan Veil', '', 'DEF', 'Mystic'),
    (97, 32, 'Shadow Bind', '', 'ATK', 'Mystic'),
    (98, 32, 'Tactical Retreat', '', 'DEF', 'Mobility');


INSERT INTO `pack` (`pck_id`, `pck_name`, `pck_price`) VALUES
    (1, 'Standard Pack', 50),
    (2, 'Premium Pack', 100),
    (3, 'Sage of Six Path Duo', 100),
    (4, 'Hunter x Hunter Pack', 100);


INSERT INTO `user_card` (`ucd_usr_id`, `ucd_crd_id`, `ucd_deck`) VALUES
    (1, 14, 1),
    (1, 15, 0),
    (1, 18, 1),
    (1, 20, 0),
    (1, 27, 0),
    (1, 28, 0),
    (1, 29, 0),
    (1, 30, 0),
    (1, 31, 0),
    (1, 32, 0),
    (2, 14, 0),
    (2, 15, 0),
    (2, 18, 0),
    (2, 20, 0),
    (2, 27, 1),
    (2, 28, 1),
    (2, 29, 1),
    (2, 30, 1),
    (2, 31, 1),
    (2, 32, 0),
    (3, 14, 1),
    (3, 15, 0),
    (3, 18, 1),
    (3, 20, 0),
    (3, 27, 0),
    (3, 28, 0),
    (3, 29, 0),
    (3, 30, 0),
    (3, 31, 0),
    (3, 32, 0);

INSERT INTO `pack_card` (`pcd_pck_id`, `pcd_crd_id`) VALUES
    (1, 10),
    (1, 11),
    (1, 12),
    (1, 13),
    (1, 14),
    (1, 15),
    (1, 16),
    (1, 17),
    (1, 18),
    (1, 19),
    (1, 20),
    (1, 21),
    (1, 22),
    (1, 23),
    (1, 24),
    (1, 25),
    (1, 26),
    (1, 27),
    (1, 28),
    (1, 29),
    (1, 30),
    (1, 31),
    (1, 32),
    (2, 1),
    (2, 2),
    (2, 3),
    (2, 4),
    (2, 5),
    (2, 6),
    (2, 7),
    (2, 8),
    (2, 9),
    (3, 7),
    (3, 8),
    (4, 14),
    (4, 15),
    (4, 18),
    (4, 20),
    (4, 22),
    (4, 25);

